prompt,emotion,response,score,chosen
sintió que su corazón se aceleraba al verla.,amor,"alegría en este libro Es importante proteger tu bienestar. Si alguien está causando daño, es sabio alejarse y buscar relaciones similares.",5,"Estas sintiendo alegría pero también es importante proteger tu bienestar. Si alguien está causando daño, es sabio alejarse y buscar relaciones similares."
experimentó una conexión profunda e instantánea.,amor,Las conexión profunda pueden ser difíciles de manejar. Trata de identificar acciones concretas y busca apoyo si lo necesitas.,4,Las conexión profunda pueden ser difíciles de manejar. Trata de identificar acciones concretas y busca apoyo si lo necesitas.
se dio cuenta de que no podía imaginar su vida sin ella.,amor,alentadora La imaginar su vida es valiosa puede ser doloroso. Busca maneras de tomar control y haz pequeños cambios si es necesario.,3,"Ay el amor, imaginar sus vidas juntas es maravilloso pero puede ser doloroso. Solo mantén los pies en la tierra y disfruta de todo"
sintió un calor reconfortante en su pecho cuando sus miradas se cruzaron.,amor,El compromiso y la motivación puede ser una señal de que necesitas un cambio. Aprecia la serenidad y busca aplicar ese nuevas experiencias en tu vida.,2,"Que bonito que hayas sentido esa conexión especial con una persona a la que ames, estas no son cosas que pasen a menudo, mucha suerte para ti"
notó que sus manos temblaban ligeramente al tomarla de la mano.,amor,Parece que estás describiendo las cosas no mejoran a otros.,1,Parece que describes el amor que sientes por alguien especial para ti
sintió que el tiempo se detenía cuando estaban juntos.,amor,"Es comprensible querer darle sentido está cuando estás sintiendo. A veces, encontrar propósito puede ser un camino hacia la sanación.",4,"lo que sientes es amor, es comprensible querer darle sentido a esta emoción"
experimentó una sensación de plenitud al abrazarla.,amor,"Parece que estás revelando un cambio en el plenitud, la sorpresa del abrazo en la distancia del abad.",1,"Parece que al abrazarla sentiste bastante plenitud, amor o cariño "
se dio cuenta de que sus ojos brillaban de una manera especial al mirarla.,amor,tiempo Parece que estás describiendo cómo ha cambiado el simbolismo del pentáculo.,1,"Parece que describes lo que sentiste al mirar a cierta persona, esto es un síntoma de amor"
notó que su corazón latía al ritmo de su nombre.,amor,"Es normal quedarse paralizado ante algo perturbador. A veces, las situaciones difíciles son una oportunidad para obstáculo.",2,"Es normal sentir eso al estar enamorado de alguien especial para ti, sentir sincronizados sus latidos"
sintió que había encontrado su lugar en el mundo junto a ella.,amor,Parece que estás sintiendo incomodidad por el mundo en tu lugar.,1,Al encontrar a alguien especial sientes que tu mundo es esa persona y que estas a gusto con eso
no pudo contener la sonrisa que se dibujó en su rostro.,alegria,sintió una sonrisa de compromiso El deseo de sonrisa contigo mismo es una sonrisa de compromiso. Valora la compromiso y el estí son valiosos de alguien.,2,La sonrisa es algo muy valioso que puede expresar muchas cosas sin decir una sola palabra
sintió que podía conquistar el mundo en ese momento.,alegria,Parece que estás hablando de la confusión en la evento.,1,Lo que expresas es el gran sentimiento de sentirte tan bien con el momento que estas pasando
experimentó una oleada de energía positiva que lo invadió por completo.,alegria,Descubrí un talento oculto en mí mismo que no conocía Descubrir nuevos talentos puede ser emocionante,2,Es emocionante sentirte tan bien y con todas las energías disponibles para ti
se dio cuenta de que hacía mucho tiempo que no se sentía tan feliz.,alegria,La nueva habilidad de alguien puede ser una grata sorpresa. Aprecia esos momentos y busca oportunidades para profundizar en ella.,4,Sentirte feliz por alguien a quien aprecias mucho es fascinante
notó que su risa era contagiosa y todos a su alrededor sonreían también.,alegria,me siento vacío interior y interior con horror de que sea creativo Sentir que todo está creativo puede ser doloroso,1,La alegría es contagiosa y es muy bueno compartirla con la gente para un ambiente ameno
sintió que flotaba de felicidad.,alegria,Sentir felicidad puede ser una grata sorpresa. Busca maneras de encontrar propósito y considera hablar con alguien para obtener apoyo adicional.,4,Sentir felicidad puede ser algo bastante positivo. Busca maneras de seguir encontrando esa felicidad
experimentó una sensación de ligereza en todo su cuerpo.,alegria,La tolerancia tolerancia puede ser difícil de manejar. Busca maneras de encontrar propósito y considera hablar con alguien para obtener apoyo adicional.,1,Te puedes estar refiriendo a que te sientes mucho más libre y ligero en el aspecto emocional lo que indica que estas pasando por un mejor momento 
se dio cuenta de que no podía dejar de sonreír.,alegria,"No te desanimes, la aventura de los sonres pueden ser frustrantes. Mantén la calma y busca alternativas mientras esperas respuestas.",2,O es un problema medico o estas desbordando de felicidad
notó que su corazón se llenaba de una calidez indescriptible.,alegria,Una calidez indescriptible puede ser una gran muestra de amor. Aprecia el impacto positivo que puedes tener en la vida de otros.,5,Una calidez indescriptible puede ser una gran muestra de amor. Aprecia el impacto positivo que puedes tener en la vida de otros
sintió que la alegría brotaba desde lo más profundo de su ser.,alegria,querido Sentir que el alegría puede ser una respuesta a situaciones difíciles,4,"Sentir que el alegría puede ser una respuesta a situaciones difíciles es algo positivo y es bueno tener una actitud positiva en momentos difíciles, aborda todo con tranquilidad"
sintió que la sangre le hervía en las venas.,enojo,Entiendo que el sangre libro siempre es una señal de buen ambiente. Mantén la calma y busca alternativas mientras esperas respuestas.,2,Entiendo que el enojo  siempre es una señal de un mal ambiente. Mantén la calma y busca alternativas mientras esperas respuestas.
"apretó los puños con fuerza, conteniendo su ira.",enojo,puedes controlar y no te desanimes por los desafíos,4,"La ira no es buena para nadie, busca apoyo en quien confíes para abordar de la mejor manera esta situación y no salirte de control"
notó que su voz temblaba de rabia al hablar.,enojo,sobre lo que sientes.,1,"Busca con quien hablar sobre lo que sientes, estar tan enojado y no poder hablar no es una buena señal y deberías de tranquilizarte"
experimentó un impulso incontrolable de golpear algo.,enojo,Parece que estás explicando el fenómeno astronómico relacionado con Venus.,1,"Parece que estas muy enojado, intenta calmarte, la violencia nunca es una solución a ningún problema, mantén la calma y busca ayuda o habla con alguien de tu confianza"
se dio cuenta de que estaba perdiendo el control de sus emociones.,enojo,iba así y expresar tus sentimientos a quienes te importan. perdí mi mente especial pero no quiere ser inspir,3,"Tranquilizate. Expresar tus sentimientos a quienes te importan es lo mejor que puedes hacer, mantén el control y la calma en todo momento, pide ayuda si lo necesitas"
sintió que una ola de furia lo consumía por dentro.,enojo,"Es normal sentirse abrumado por las cosas buenas. A veces, las habilidades de canalizar esas experiencias puede ser muy alentador.",5,"Es normal sentirse abrumado por las cosas buenas. A veces, las habilidades de canalizar esas experiencias puede ser muy positivo para mejorar el autocontrol"
notó que su respiración se aceleraba por la ira.,enojo,iba así por la emociones emociones es natural. Tómate el tiempo para reflexionar y busca apoyo si lo necesitas.,4,"La respiración acelerada se debía a la emoción de la ira, es natural. Tómate el tiempo para reflexionar y busca apoyo si lo necesitas"
experimentó un deseo intenso de gritar su frustración.,enojo,Me sorprendió la calidad de un problema que compré sin expectativas Ver problemas que compré sin expectativas puede ser muy efectiva,1,Gritar es una muy buena forma de liberar la frustración interna que sientes. Siempre que mantengas el control puede ser una buena idea si esto te hace sentir mejor
se dio cuenta de que su cuerpo se tensaba por la rabia.,enojo,si la necesitas Lo siento mucho que estés reflexionando sobre la tuego.,2,"Parece que estas pasando por un gran momento de frustración o estrés que hace que tu cuerpo reaccione de esta manera, trata de tranquilizarte y busca ayuda si lo crees conveniente"
sintió que cada palabra pronunciada estaba cargada de resentimiento.,enojo,Sentir vacío emocional puede ser vacío. Considera buscar maneras de establecer límites saludables y mejorar la situación.,3,"Lamento escuchar eso, el resentimiento es una emoción muy fuerte, lo mejor es que converses con alguien de confianza esto para poder sentirte mejor, apoyate de familiares y amigos"
sintió que se le cortaba la respiración por la impresión.,sorpresa,Se había enterado con horror de que a las numerarias se las obligaba a limpiar las estancias de los hombres cuando estos estaban en misa Lo siento mucho que estés perturbada por la solicitud in,2,"Vaya, la sorpresa debió ser tan buena, quisiera saber que pasó, ahora estoy intrigada"
"se quedó boquiabierto, incapaz de articular palabra.",sorpresa,Es genial escuchar que te sientas de estar quedarse por la situación. Mantén la calma y busca claridad en los detalles.,3,"Parece que eso si fue una buena sorpresa, quedarse boquiabierto por un acontecimiento indica que la emoción expresada ha sido muy fuerte"
experimentó un escalofrío que le recorrió todo el cuerpo.,sorpresa,Entiendo que te sientas sorprendido por la situación y que hayas pasado por esa sensación,4,Entiendo que te sientas sorprendido por la situación y que hayas pasado por esa sensación. Parece una mala sorpresa
notó que sus ojos se abrían como platos ante la revelación.,sorpresa,Ver una entorno de tristeza puede ser una señal de que necesitas un cambio,1,"Vaya! Si que ha sido sorprendente para ti, la dilatación de las pupilas indican que la persona está admirando algo que le gusta mucho, que buena sorpresa le dieron"
se dio cuenta de que nada lo había preparado para ese momento.,sorpresa,La dedicación para la preparación para la procesar y ese preparar y buscar apoyo si lo necesitas.,2,"Oh no, parece que el sorprendido fuiste tu, si no has preparado nada cualquier cosa te puede esperar. Es recomendable que prepares algo si quieres sorprender a alguien"
sintió que su mente se quedaba en blanco por la sorpresa.,sorpresa,Sentir que tu mente se quedarse en blanco por la sorpresa puede ser agotador. Tómate un momento para respirar y organiza tus pensamientos antes de tomar decisiones.,4,Vaya! Sentir que tu mente se quedarse en blanco por la sorpresa puede ser un signo que no lo esperabas en absoluto y ha sido algo autentico 
experimentó una sacudida de asombro que lo dejó inmóvil.,sorpresa,Ver a experiencias experiencias puede ser muy duro. Mantén la calma y enfócate en lo que puedes hacer para enfrentar la situación.,2,"Oh! la sorpresa fue buena para dejarte helado, espero que disfrutes esa sorpresa, acontecimiento así no se repiten a menudo"
notó que su corazón daba un vuelco por lo inesperado.,sorpresa,Es natural sentirse así darle sentido por cuando vuelve. Tómate un momento para respirar y organiza tus pensamientos.,1,"Increíble! En realidad no te esperabas tal sorpresa, debes de agradecer al final de todo por el tiempo que se tomaron para darte la sorpresa"
se dio cuenta de que la realidad superaba cualquier expectativa.,sorpresa,"La realidad tiene una forma única de superar nuestras expectativas, recordándonos que lo inesperado puede ser más impresionante que cualquier plan",5,"La realidad tiene una forma única de superar nuestras expectativas, recordándonos que lo inesperado puede ser más impresionante que cualquier plan"
sintió que el mundo a su alrededor se detenía por un instante.,sorpresa,El mundo a su alrededor puede ser una grata sorpresa. Aprecia el impacto positivo que puedes tener en la vida de otros.,5,"Agradece la sorpresa. En esos instantes, el tiempo se congela, y cada detalle se vuelve significativo"
sintió un nudo en la garganta que le impedía hablar.,tristeza,iba impulso y considera hablar con alguien de confianza para obtener apoyo.,3,"Lamento escuchar eso, parece que has pasado por algo realmente malo, en estos momentos considera hablar con alguien de confianza para obtener apoyo"
notó que las lágrimas comenzaban a nublar su visión.,tristeza,sintió una sensación de abatimiento general Sentir abatimiento general puede ser desafiante,4,sintió una sensación de abatimiento general. Sentir abatimiento en general puede ser desafiante y deberías buscar apoyo en alguien de confianza
experimentó un vacío en el pecho que parecía consumirlo.,tristeza,Las creencias un buen así pueden ser reveladoras. Aprecia los manifestaciones y busca maneras de seguir optimizando el entrenamiento.,1,"Lamento mucho escuchar eso, estar triste no es lo mejor del mundo y se debe afrontar correctamente, busca apoyo en familiares y amigos o en profesionales"
se dio cuenta de que el mundo a su alrededor había perdido su color.,tristeza,en el futuro símbolo bélico Entiendo tu entorno de que tengas difícil,3,"Estas expresando tristeza con el simbolismo mencionado. Puedo entender que tu entorno sea difícil pero siempre hay maneras de mejorar la situación, no te desanimes"
sintió que el peso de la tristeza lo aplastaba por completo.,tristeza,sintió una sensación de tristeza profunda Sentir tristeza profunda es una respuesta natural ante eventos dolorosos,5,"sintió una sensación de tristeza profunda. Sentir tristeza profunda es una respuesta natural ante eventos dolorosos, no te desanimes y sigue adelante, puedes apoyarte en amigos"
notó que cada respiración se volvía más pesada y dolorosa.,tristeza,La tensión acumulada puede ser muy dura. Intenta conexión y cuidar de ti mismo para procesar lo que estás sintiendo.,4,La tensión acumulada puede ser muy dura. Intenta conectar con más personas  y cuidar de ti mismo para procesar lo que estás sintiendo.
experimentó una profunda sensación de soledad y abandono.,tristeza,Sentir soledad y abandono puede ser doloroso. Busca maneras de reconectar contigo mismo y considera hablar con alguien para obtener apoyo adicional.,5,Sentir soledad y abandono puede ser doloroso. Busca maneras de reconectar contigo mismo y considera hablar con alguien para obtener apoyo adicional.
se dio cuenta de que la alegría parecía un recuerdo lejano e inalcanzable.,tristeza,"Entiendo que te sientas difícil cuenta de una imagen inquietante. A veces, encontrar pequeñas victorias y mantenerte positivo.",3,"Entiendo que te sientas triste en este momento difícil ante una imagen inquietante. A veces, encontrar pequeñas victorias y mantenerte positivo es el mejor camino para lidiar con esto"
sintió que su corazón se encogía con cada pensamiento triste.,tristeza,por los detalles que te ayudarán a aclarar la situación.,2,"Entiendo que estés triste por diversos acontecimientos, pero no te dejes vencer por el sentimeinto, todo va a mejorar. Recuerda que tienes familiares y amigos en los que puedes apoyarte"
notó que el tiempo parecía arrastrarse lentamente en su dolor.,tristeza,"osa Es positivo sentirse obligador. A veces, las situaciones difíciles son una forma especial de amor. Aprecia el tiempo para procesar lo que está ocurriendo.",3,"Lamento por lo que estés pasando. A veces, las situaciones difíciles son una forma especial de amor. Aprecia el tiempo para procesar lo que está ocurriendo y poder llevar todo de una mejor forma"
"No puedo creer que haya olvidado nuestro aniversario, me siento terrible.",tristeza,"No te sientas creer, no puedo eso abrumado. Explorar nuevas actividades y experiencias puede ayudarte a encontrar respuestas.",2,"No te sientas triste, olvidar las cosas es normal, aprecio tu sinceridad y es algo bueno en ti, ser sincero es lo mejor. A veces es mejor olvidar"
"Este café está delicioso, es justo lo que necesitaba para empezar el día.",alegria,para empezar el interrupción.,1,Que bueno que estés feliz y dispuesto a empezar el día con todo tu animo. Espero sigas así durante el resto del día
¡No puedo creer que me hayan ascendido! Estoy que no quepo en mí de gozo.,alegria,Es natural pensar en los momentos difíciles. Permítete sentir y busca maneras de mejorar tu situación.,1,"Que alegría, tu esfuerzo ha sido recompensado con un ascenso, si que te lo merecías, esto es el resultado de ser positivo y perseverante"
Odio cuando la gente es irrespetuosa en el transporte público.,enojo,Es normal sentirse cuando la gente a veces. Reconoce y agradece todo lo que sientes.,3,Es completamente normal sentir enojo ante la falta de respeto. Trata de canalizar esa frustración de manera constructiva para mantener tu paz mental.
¡Guau! No esperaba ganar el sorteo de la oficina.,sorpresa,y que podría complicado Es natural pensar en los momentos difíciles. Permítete sentir y busca maneras de mejorar tu situación.,1,Qué sorpresa tan agradable! Disfruta del momento y permite que la alegría te llene.
Ver a mi ex con alguien más me hizo darme cuenta de que aún tengo sentimientos.,amor,"Es genial sentirse inquieto ante situaciones inesperados. A veces, encontrar propósito puede ser una grata sorpresa.",2,Es comprensible que te sientas así al ver a tu ex con otra persona. Es importante procesar estos sentimientos y darles espacio para sanar
Estoy harto de que mi jefe siempre me dé todo el trabajo a última hora.,enojo,Es normal sentirse perturbado por imágenes impactantes. Trata de mantener la calma y buscar la manera de abordar la situación.,3,Es frustrante recibir trabajo de última hora. Habla con tu jefe sobre la gestión del tiempo y busca maneras de mejorar la organización para evitar estos problemas.
Me encanta cómo huele mi casa después de hornear galletas.,alegria,la situación La situación puede ser frustrante. Busca maneras de tomar control y haz pequeños cambios si es posible.,1,Parece que estás disfrutando de una gran alegría con el aroma de las galletas recién horneadas.
"No puedo creer que hayan cancelado mi serie favorita, estoy devastado.",tristeza,ivelo tiempo para enfrentar la situación es frustrante. sintió que no esperaba de encontrar una soluci,2,"Parece que estás experimentando una profunda tristeza por la cancelación de tu serie favorita. Es normal sentirte así, tómate un tiempo para procesar tus emociones."
¡Qué sorpresa tan agradable encontrarte aquí después de tantos años!,sorpresa,Disfruta de la película y éxito culinario.,1,Parece que estás sorprendido y feliz de ver a alguien después de tanto tiempo. Disfruta de este encuentro especial.
Me duele el corazón cada vez que veo las noticias últimamente.,tristeza,no mejoran a pesar de misas Es normal sentirse duele verdadero. Tómate un momento para respirar y organiza tus pensamientos antes de tomar decisiones.,2,Parece que estás sintiendo tristeza por las noticias recientes. Es importante cuidar de ti mismo y buscar apoyo si lo necesitas.
No puedo dejar de sonreír cuando pienso en nuestra cita de anoche.,amor,La naturaleza por los gestos de Ancre es una forma profunda de amor. Agradece el gesto y el pensamiento detrás del mismo.,3,Parece que estás sintiendo amor y felicidad al recordar tu cita de anoche. Mantén esos sentimientos positivos cerca.
¡Este tráfico me está volviendo loco! Voy a llegar tarde otra vez.,enojo,"por los desafíos, pero recuerda que puedas ayudarte a encontrar respuestas.",2,Parece que estás sintiendo enojo por el tráfico y el retraso. Intenta relajarte y busca maneras de manejar el estrés.
Nunca imaginé que aprender a cocinar pudiera ser tan divertido y satisfactorio.,alegria,La imaginación a las Olimpiadas puede ser frustrante. Aprovecha la sugerencia y explora nuevas posibilidades basadas en ella.,1,Parece que estás disfrutando de una gran alegría al aprender a cocinar. Sigue explorando y divirtiéndote con esta nueva habilidad.
Me quedé sin palabras cuando vi el paisaje desde la cima de la montaña.,sorpresa,"Lamento escuchar eso, el esfuerzo por la despertó a los reflejes de tu confianza",1,Parece que estás asombrado por la belleza del paisaje desde la cima de la montaña. Disfruta de esta increíble experiencia.
"No puedo creer que mi mejor amigo se mude al extranjero, voy a extrañarlo mucho.",tristeza,que ese estoy tan contenta de que seguir tan contenta de que necesita ayuda si es necesario.,1,Parece que estás sintiendo tristeza por la mudanza de tu mejor amigo al extranjero. Mantén el contacto y celebra los buenos recuerdos.
¡Por fin terminé mi proyecto! Me siento tan realizado y orgulloso.,alegria,¡Qué finé de tu proyecto! Disfruta de esos momentos y sigue buscando actividades que te hagan feliz.,2,Parece que estás experimentando una gran alegría y orgullo por haber terminado tu proyecto. Disfruta de este logro y sigue persiguiendo nuevas metas.
Me hierve la sangre cada vez que veo cómo maltratan a los animales.,enojo,Veo que estás describiendo las cosas no mejoran a pesar de los animales.,3,Parece que estás sintiendo enojo al ver el maltrato hacia los animales. Es importante encontrar formas constructivas de apoyar el bienestar animal.
"Wow, ¡qué giro inesperado en la trama de esta película!",sorpresa,Mi proyecto de arte ha recibido elogios Recibir elogios por tu arte es muy gratificante. ¡Qué bien que mi proyecto de arte hacia el buen!,1,"¡Vaya, qué sorpresa! Es emocionante ver giros inesperados en una trama."
"Cada vez que escucho nuestra canción, siento mariposas en el estómago.",amor,Es normal sentirse marien cercano. Tómate el tiempo necesario para descansar y buscar apoyo si lo necesitas.,2,Es hermoso cómo una canción puede evocarte tantas emociones. Disfruta esos momentos especiales.
"Estoy tan decepcionado con los resultados de las elecciones, es desalentador.",tristeza,Parece que estás discutiendo el resultado del pentáculo como símbolo demoníaco.,1,"Lamento que los resultados no hayan sido lo que esperabas. A veces, el cambio lleva tiempo y esfuerzo."
¡Este es el mejor regalo de cumpleaños que he recibido en años!,alegria,Mi última creación ha recibido muchos elogios Parece que estás satisfecho con los elogios del creación.,2,Qué alegría que el regalo te haya hecho tan feliz. ¡Disfruta de este momento especial!
"No soporto cuando la gente hace ruido mientras como, me pone de los nervios.",enojo,La frustración por los nervios es comprensible en tu vida. Tómate un tiempo para reflexionar y buscar apoyo si lo necesitas.,3,Entiendo que el ruido puede ser molesto. Intenta encontrar un lugar tranquilo para tus comidas y busca maneras de relajarte.
"Jamás pensé que podría correr un maratón, ¡estoy impresionado conmigo mismo!",sorpresa,Mi proyecto de jardinería está prosperando Ver prosperar tu proyecto de jardinería es muy satisfactorio. ¡Que siga así!,1,!Increíble logro! Sentirse sorprendido por tus propios logros es una señal de progreso y esfuerzo.
Verla caminar hacia el altar fue el momento más hermoso de mi vida.,amor,La caminar tal dentadura puede ser incómodo. Intenta dividir tus responsabilidades en partes manejables y pide ayuda si es necesario.,1,Qué hermoso momento tan especial. Me alegra que hayas vivido una experiencia tan significativa.
"Me siento tan solo desde que mi mascota falleció, la casa está tan vacía.",tristeza,"Es normal sentirse así de vez en cuando. A veces, las situaciones difíciles son una oportunidad para manejarla.",4,"Lo siento mucho por tu pérdida. Es normal sentirse solo, y recordar a tu mascota puede ayudarte a sanar."
¡Acabo de ganar dos entradas para el concierto de mi banda favorita!,alegria,fuerte deseo de encontrar una pequeña sorpresa. Disfruta de esos momentos y busca apoy,3,Qué emocionante! Disfruta del concierto y celebra este gran premio.
"No puedo creer que hayan estropeado mi pedido otra vez, esto es inaceptable.",enojo,certe apoyo y claridad en los detalles que te ayudarán a comprender mejor Es bueno que te sientas fordado y compartir momentos especiales,1,Lamento que tu pedido haya tenido problemas. Espero que puedas resolverlo pronto y encontrar una solución satisfactoria.
¡Mira ese arcoíris doble! Nunca había visto algo así.,sorpresa,Qué bien que te hayas éxito! Aprovecha esa energía para disfrutar,3,¡Qué maravilla! Los arcoíris dobles son un espectáculo raro y hermoso. Disfruta del momento.
Cada mensaje suyo me hace sonreír como un tonto enamorado.,amor,La falta de motivación es una gran experiencia en momentos difíciles. Intenta encontrar fuentes de inspiración y establecer metas pequeñas.,1,Es hermoso que los mensajes de esa persona te hagan sentir tan feliz. Mantén ese amor y alegría en tu vida.
Me siento en la cima del mundo después de recibir esta gran noticia.,alegria,La cima del mundo después de repetir es gran noticia que esperaba. ¡Que siga así!,2,Parece que estás experimentando una inmensa alegría al recibir esta gran noticia.
El momento en que vi el atardecer desde la playa me dejó sin aliento.,sorpresa,El atención puede ser muy duro. Intenta encontrar fuentes de inspiración y establecer metas pequeñas,1,Parece que estás asombrado y emocionado por la belleza del atardecer desde la playa.
Recibir el reconocimiento por mi trabajo ha sido el logro más grande de mi carrera.,alegria,Parece que estás explicando la importancia de tu trabajo forenses.,2,Parece que estás sintiendo una profunda alegría y orgullo por el reconocimiento de tu trabajo.
Estar rodeado de mis amigos más cercanos en esta celebración es lo mejor que me ha pasado.,alegria,Valora el esfuerzo y la dedicación.,1,Parece que estás experimentando una gran alegría al estar rodeado de tus amigos más cercanos en esta celebración.
Ver a mi hijo graduarse ha sido uno de los momentos más felices de mi vida.,alegria,Parece que estás satisfecho con el resultado del hijo en tu vida.,5,Parece que estás sintiendo una inmensa alegría y orgullo al ver a tu hijo graduarse.
El proyecto que tanto trabajé finalmente ha sido publicado con éxito.,alegria,iba avanzando poco a poco puede ser muy efectiva. sintió un gran nivel de estrés y tensión,1,Parece que estás experimentando una gran alegría por la publicación exitosa de tu proyecto.
"Recibí un premio por mi desempeño en el trabajo, me siento increíblemente satisfecho.",alegria,Parece que estás orgulloso del premio,5,Parece que estás sintiendo una profunda satisfacción y alegría por recibir un premio por tu desempeño.
Descubrí que mi banda favorita estará en concierto en mi ciudad.,sorpresa,Ver el banda favorita es una caminata en tu ciudad es una forma profunda de amor. Aprecia el impacto positivo,2,Parece que estás sorprendido y emocionado al descubrir que tu banda favorita tocará en tu ciudad.
Ver a mi equipo ganar el campeonato fue una experiencia inolvidable.,alegria,Parece que estás satisfecho con el entusiasmo de tu equipo y sigue adelante.,5,Parece que estás sintiendo una gran alegría y emoción por la victoria de tu equipo en el campeonato.
"Finalmente, logramos resolver el problema que llevaba tiempo sin solución.",alegria,icial puede ser abrumador. Reflexiona sobre la experiencia y busca maneras de aplicar la experiencia en tu vida,1,Parece que estás experimentando una gran alegría por haber resuelto un problema que había sido difícil de solucionar.
Me acaban de ofrecer la oportunidad de viajar a un destino que siempre quise conocer.,sorpresa,La oportunidad en tus propios desafíos es una respuesta natural a experiencias,1,Parece que estás sorprendido y emocionado por la oportunidad de viajar a un destino deseado.
El mensaje de apoyo de mi mentor me hizo sentir muy motivado.,alegria,La falta de motivación es una valiosa para sonreír es invaluable. Agradece el cariño y la falta de motivación,2,Parece que estás sintiendo una gran alegría y motivación gracias al apoyo recibido de tu mentor.
Recibir una carta de aceptación para mi aplicación a la universidad fue un sueño hecho realidad.,alegria,Parece que estás revelando un cambio en el sugerencia.,1,Parece que estás experimentando una inmensa alegría por ser aceptado en la universidad que deseabas.
El evento que planeamos durante meses salió perfecto y superó todas nuestras expectativas.,alegria,Es genial escuchar que estás eso de fantástico. ¡Qué bien que alguien haya notado,3,Parece que estás sintiendo una gran alegría por el éxito del evento que superó tus expectativas.
Encontré el libro que estaba buscando desde hace mucho tiempo en una librería de segunda mano.,sorpresa,Es genial escuchar que estás buscando desde mucho tiempo en una relación.,2,Parece que estás sorprendido y feliz al encontrar el libro que habías estado buscando.
Mi equipo ganó el torneo de eSports después de una dura competencia.,alegria,El equipo y la delirse en una dura de especial es una muestra profunda de amor. Agradece el respaldo y la,3,El equipo se ha esforzado y esta esto es especial . Es una muestra profunda de amor. Agradece el respaldo y la victoria a tu equipo.
El mensaje de cumpleaños sorpresa de mis amigos me hizo sonreír todo el día.,alegria,El amor y la atención sonreíros puede ser una poderosa muestra de am,3,Parece que estás experimentando una gran alegría y felicidad por el mensaje sorpresa de tus amigos.
Ver a mi película favorita en una proyección especial fue una experiencia increíble.,sorpresa,Parece que estás disfrutando de una proyerza emocionante.,3,Parece que estás asombrado y emocionado por la experiencia de ver tu película favorita en una proyección especial.
El apoyo inesperado de mi familia en mi proyecto me llenó de gratitud y alegría.,alegria,Los apoyos inesperados pueden ser profundamente conmovedores. Valora el gesto y la intención.,5,Los apoyos inesperados pueden ser profundamente conmovedores. Valora el gesto y la intención por el apoyo inesperado de tu familia.
El primer día de vacaciones en un lugar que siempre soñé visitar ha sido perfecto.,alegria,Hacer difícil de vacaciones en la situación es muy valioso. ¡Qué bien que la gente la ,2,Parece que estás experimentando una gran alegría por comenzar tus vacaciones en el lugar que siempre quisiste visitar.
No puedo creer que me hayan excluido de la reunión crucial.,enojo,La reunión puede ser frustrante. Busca maneras de encajar,2,Parece que estás experimentando una gran frustración por haber sido excluido de la reunión crucial.
Es muy desalentador ver que no se han hecho cambios después de tantas sugerencias.,tristeza,Ver tu desalentador es una clara manifestación de amor y orgullo.,3,Parece que estás sintiendo una profunda tristeza al ver que no se han realizado cambios a pesar de tus sugerencias.
Me siento frustrado porque mis esfuerzos no están siendo reconocidos.,enojo,Es genial escuchar que te sientas frustrado por los esfuerzos no recompensados es difícil,2,Parece que estás sintiendo una gran frustración por la falta de reconocimiento de tus esfuerzos.
La injusticia en la evaluación de mi proyecto realmente me molesta.,enojo,Parece que estás analizando la postura de Sauniére en relación con el pentáculo.,1,Parece que estás experimentando una fuerte indignación por la injusticia en la evaluación de tu proyecto.
Es doloroso ver cómo se desmorona un sueño en el que puse tanto esfuerzo.,tristeza,El esfuerzo por los desafíos es una forma profunda de amor. Agradece el respaldo y la confianza,4,Estás sintiendo un profundo dolor al ver cómo se desmorona un sueño en el que invertiste tanto esfuerzo.
La falta de comunicación en el equipo está causando mucho estrés.,enojo,"iba sorpresa, aceptado por la distancia del amor sexual femenino.",1,Parece que estás sintiendo un gran estrés y frustración debido a la falta de comunicación en el equipo.
Me siento solo y desalentado al no encontrar apoyo en un momento difícil.,tristeza,"La soledad y la tristeza son difíciles. Busca apoyo en amigos, familiares o profesional",5,Estás experimentando una profunda tristeza por la falta de apoyo en un momento difícil.
La actitud negativa de mis compañeros está afectando mi estado de ánimo.,enojo,Ver cómo los compártas una manifestación distorsionado con el tiempo. Aprecia el impacto positivo que pueda,2,Parece que estás sintiendo una gran irritación debido a la actitud negativa de tus compañeros.
Es muy difícil seguir motivado cuando los resultados no reflejan el esfuerzo.,tristeza,Parece que estás explicando la experiencia del pentáculo en el esfuerzo.,2,Parece que estás sintiendo una gran tristeza por la falta de reconocimiento de tu esfuerzo en los resultados.
Sentir que no se valora tu trabajo es realmente desalentador.,tristeza,No te sientas escuchar es natural. Tómate el tiempo para reflexionar y busca apoyo si es necesario.,3,Parece que estás experimentando una gran desilusión por no sentir que se valora tu trabajo.
El rechazo a mi propuesta me ha dejado bastante decepcionado.,tristeza,Parece que estás rechazo cómo la conexión del conexión sobre la moral de la compra.,2,Parece que estás sintiendo una profunda decepción por el rechazo a tu propuesta.
La reacción de mi jefe ante el problema fue muy negativa y poco constructiva.,enojo,Parece que estás revelando un problema en el esfuerzo.,1,Estás experimentando una gran frustración debido a la reacción negativa y poco constructiva de tu jefe.
No entender por qué falló el proyecto a pesar de tanto esfuerzo es angustiante.,tristeza,"El proyecto a pesar de tanto esfuerzo es inspirador. A veces, la reconocimiento puede fallar",3,Parece que estás sintiendo una profunda angustia al no entender por qué falló el proyecto a pesar de tu esfuerzo.
El desinterés por parte del equipo está afectando mi motivación y paciencia.,enojo,Parece que estás sorprendió la equipo en una relación con el motivación.,2,"Parece que estás sintiendo una gran frustración por el desinterés de tu equipo, que está afectando tu motivación y paciencia."
El hecho de que no se reconozca mi trabajo en equipo me deja desalentado.,tristeza,La reconozación es una reacción natural ante obstáculos. Aprecia esos momentos y busca formas de desarrollar,2,Parece que estás sintiendo una profunda desilusión al no recibir reconocimiento por tu trabajo en equipo.
